"File","Type","Constant","OriginalValue","Value1","Value2","Value3","Value4","Value5","Value6","Description"
"src\Battlescape\PlayerFactionAI.cpp","int","PLAYER_AI_PERCENT","100","80","90","95","105","110","120","База для процентных расчетов."
"src\Battlescape\PlayerFactionAI.cpp","int","PLAYER_AI_REJECT_SCORE","-100000","-50000","-75000","-90000","-110000","-125000","-150000","Sentinel-score для заведомо неприемлемого варианта."
"src\Battlescape\PlayerFactionAI.cpp","int","PLAYER_AI_MEMORY_LIMIT_SMALL","64","32","48","63","65","80","96","Лимит коротких списков памяти/планов, чтобы они не росли между боями."
"src\Battlescape\PlayerFactionAI.cpp","int","PLAYER_AI_MEMORY_LIMIT_LARGE","512","256","384","511","513","640","768","Лимит длинных списков памяти движения/действий юнитов."
"src\Battlescape\PlayerFactionAI.cpp","int","PLAYER_AI_NO_THROWER_RANK","999","199","499","799","1199","1499","1999","Sentinel-rank для юнита, который не участвует в выборе бросающего взрывчатку."
"src\Battlescape\PlayerFactionAI.cpp","int","PLAYER_AI_WOUNDED_HEALTH_LIMIT","35","18","26","34","36","44","52","Здоровье цели, ниже которого она считается раненой для добивания/фокуса."
"src\Battlescape\PlayerFactionAI.cpp","int","PLAYER_AI_LOW_HEALTH_PERCENT","90","70","80","85","95","100","110","Минимальная доля здоровья для роли scout."
"src\Battlescape\PlayerFactionAI.cpp","int","PLAYER_AI_MARKSMAN_AIMED_ACCURACY","100","70","85","95","105","115","130","Aimed accuracy оружия, достаточная для роли marksman."
"src\Battlescape\PlayerFactionAI.cpp","int","PLAYER_AI_MARKSMAN_SNAP_ACCURACY","60","42","51","55","65","69","78","Snap accuracy оружия, достаточная для роли marksman без auto-fire."
"src\Battlescape\PlayerFactionAI.cpp","int","PLAYER_AI_MARKSMAN_FIRING","45","31","38","40","50","52","58","Минимальный firing юнита для роли marksman."
"src\Battlescape\PlayerFactionAI.cpp","int","PLAYER_AI_ASSAULT_TU","70","49","60","65","75","80","91","TU-порог для роли assault."
"src\Battlescape\PlayerFactionAI.cpp","int","PLAYER_AI_ASSAULT_REACTIONS","70","49","60","65","75","80","91","Reactions-порог для роли assault."
"src\Battlescape\PlayerFactionAI.cpp","int","PLAYER_AI_REACTION_SPECIALIST_MIN_REACTIONS","55","38","47","50","60","63","72","Минимальные reactions для reaction guard/reaction specialist."
"src\Battlescape\PlayerFactionAI.cpp","int","PLAYER_AI_REACTION_SPECIALIST_MIN_TU","55","38","47","50","60","63","72","Минимальные TU для reaction guard/reaction specialist."
"src\Battlescape\PlayerFactionAI.cpp","int","PLAYER_AI_HEAVY_WEAPON_DANGER","145","102","123","140","150","167","188","Оценка оружия врага, с которой оно считается тяжелой угрозой."
"src\Battlescape\PlayerFactionAI.cpp","int","PLAYER_AI_DURABLE_TARGET_HEALTH","70","49","60","65","75","80","91","Health-порог крепкой цели для взрывов и оценки урона."
"src\Battlescape\PlayerFactionAI.cpp","int","PLAYER_AI_VERY_DURABLE_TARGET_HEALTH","100","70","85","95","105","115","130","Health-порог особо крепкой цели."
"src\Battlescape\PlayerFactionAI.cpp","int","PLAYER_AI_DURABLE_ARMOR","35","24","30","40","46","34","36","Armor-порог крепкой цели."
"src\Battlescape\PlayerFactionAI.cpp","int","PLAYER_AI_STRONG_ARMOR","30","21","26","25","35","34","39","Armor-порог средней защищенности."
"src\Battlescape\PlayerFactionAI.cpp","int","PLAYER_AI_HIGH_EXPOSURE","90","45","68","81","99","112","135","Exposure, при котором позиция считается сильно опасной."
"src\Battlescape\PlayerFactionAI.cpp","int","PLAYER_AI_FIRELINE_BREAK_BONUS","220","110","165","198","242","275","330","Бонус fallback-позиции за полный разрыв enemy fire line."
"src\Battlescape\PlayerFactionAI.cpp","int","PLAYER_AI_NEARBY_SPOTTER_LIMIT","2","1","3","0","4","5","6","Число spotters, после которого ситуация считается срочной."
"src\Battlescape\PlayerFactionAI.cpp","int","PLAYER_AI_HEAVY_ENEMY_COUNT","12","6","9","11","13","15","18","Масса врагов, при которой включается тяжелая взрывная доктрина."
"src\Battlescape\PlayerFactionAI.cpp","int","PLAYER_AI_HIDDEN_ENEMY_COUNT","10","8","9","11","12","13","15","Число известных скрытых врагов для heavy landing/initial pressure."
"src\Battlescape\PlayerFactionAI.cpp","int","PLAYER_AI_HIGH_HP_EXPLOSIVE_TARGET","80","40","60","72","88","100","120","Health врага, с которого стоит беречь/искать сильную взрывчатку."
"src\Battlescape\PlayerFactionAI.cpp","int","PLAYER_AI_SLOW_DANGER_EXPLOSIVE_MIN_HEALTH","40","28","34","35","45","46","52","Нижняя граница health для медленного, но опасного взрывного таргета."
"src\Battlescape\PlayerFactionAI.cpp","int","PLAYER_AI_SLOW_DANGER_MAX_TU","52","36","44","47","57","60","68","Верхняя граница TU для медленного взрывного таргета."
"src\Battlescape\PlayerFactionAI.cpp","int","PLAYER_AI_OVERWHELMING_TARGET_HEALTH","100","70","85","95","105","115","130","Health врага для признака overwhelming heavy landing."
"src\Battlescape\PlayerFactionAI.cpp","int","PLAYER_AI_CLEAN_SHOT_BASE_SCORE","220","110","165","198","242","275","330","Базовая оценка позиции clean-shot move с линией огня."
"src\Battlescape\PlayerFactionAI.cpp","int","PLAYER_AI_CLEAN_SHOT_MIN_SCORE","75","38","56","68","82","94","112","Минимальная оценка обычного clean-shot move."
"src\Battlescape\PlayerFactionAI.cpp","int","PLAYER_AI_DEFENSIVE_CLEAN_SHOT_MIN_SCORE","110","55","82","99","121","138","165","Минимальная оценка clean-shot move в защитных режимах."
"src\Battlescape\PlayerFactionAI.cpp","int","PLAYER_AI_CLEAN_SHOT_EXPOSURE_SPIKE","75","38","56","68","82","94","112","Максимально допустимый прирост exposure при clean-shot move."
"src\Battlescape\PlayerFactionAI.cpp","int","PLAYER_AI_CLEAN_SHOT_HIGH_EXPOSURE","110","55","82","99","121","138","165","Абсолютный high exposure cutoff при clean-shot move."
"src\Battlescape\PlayerFactionAI.cpp","int","PLAYER_AI_CLEAN_SHOT_RESERVE_TU","14","7","10","13","15","18","21","Минимальный TU-резерв после движения к позиции выстрела."
"src\Battlescape\PlayerFactionAI.cpp","int","PLAYER_AI_CLEAN_SHOT_VISIBLE_RETURN_RESERVE","14","7","10","13","15","18","21","Дополнительный резерв, когда цель видима/позиция под контактом."
"src\Battlescape\PlayerFactionAI.cpp","int","PLAYER_AI_CLEAN_SHOT_HIDDEN_RETURN_RESERVE","8","6","7","9","10","11","13","Минимальный резерв для скрытого контакта или melee fallback."
"src\Battlescape\PlayerFactionAI.cpp","int","PLAYER_AI_CLEAN_SHOT_CAUTIOUS_HUNT_DISTANCE","18","9","14","17","19","22","27","Дистанция, после которой hunt-last-enemy становится осторожнее."
"src\Battlescape\PlayerFactionAI.cpp","int","PLAYER_AI_AMBUSH_BASE_SYSTEMATIC_SUCCESS","100","50","75","90","110","125","150","Базовый score node-засады."
"src\Battlescape\PlayerFactionAI.cpp","int","PLAYER_AI_AMBUSH_COVER_BONUS","25","12","19","22","28","31","38","Бонус node-засады за окно/укрытие."
"src\Battlescape\PlayerFactionAI.cpp","int","PLAYER_AI_AMBUSH_FAST_PASS_THRESHOLD","80","40","60","72","88","100","120","Score node-засады, при котором поиск можно завершить рано."
"src\Battlescape\PlayerFactionAI.cpp","int","PLAYER_AI_ESCAPE_EXPOSURE_PENALTY","10","5","8","9","11","12","15","Штраф/бонус escape за каждого дополнительного/убранного spotter."
"src\Battlescape\PlayerFactionAI.cpp","int","PLAYER_AI_ESCAPE_FIRE_PENALTY","40","20","30","36","44","50","60","Штраф escape за тайл с огнем."
"src\Battlescape\PlayerFactionAI.cpp","int","PLAYER_AI_ESCAPE_BASE_SYSTEMATIC_SUCCESS","100","50","75","90","110","125","150","Базовый score систематического поиска escape-позиции."
"src\Battlescape\PlayerFactionAI.cpp","int","PLAYER_AI_ESCAPE_BASE_DESPERATE_SUCCESS","110","55","82","99","121","138","165","Базовый score desperate escape-поиска."
"src\Battlescape\PlayerFactionAI.cpp","int","PLAYER_AI_ESCAPE_FAST_PASS_THRESHOLD","100","50","75","90","110","125","150","Score escape-позиции, при котором поиск можно завершить рано."
"src\Battlescape\PlayerFactionAI.cpp","int","PLAYER_AI_FIREPOINT_BASE_SYSTEMATIC_SUCCESS","100","50","75","90","110","125","150","Базовый score firepoint-позиции."
"src\Battlescape\PlayerFactionAI.cpp","int","PLAYER_AI_FIREPOINT_FAST_PASS_THRESHOLD","125","62","94","112","138","156","188","Score firepoint-позиции, при котором поиск можно завершить рано."
"src\Battlescape\PlayerFactionAI.cpp","int","PLAYER_AI_FALLBACK_URGENT_EXPOSURE","140","70","105","126","154","175","210","Exposure, с которого fallback cover move расширяет радиус поиска."
"src\Battlescape\PlayerFactionAI.cpp","int","PLAYER_AI_FALLBACK_EMERGENCY_SCORE","28","14","21","25","31","35","42","minScore, ниже которого fallback считается emergency move."
"src\Battlescape\PlayerFactionAI.cpp","int","PLAYER_AI_FALLBACK_MAX_SAFE_MOVE","10","5","8","9","11","12","15","Максимальная дальность fallback при срочном разрыве линии огня."
"src\Battlescape\PlayerFactionAI.cpp","int","PLAYER_AI_FALLBACK_MAX_NORMAL_MOVE","4","2","3","5","6","1","7","Максимальная дальность обычного fallback."
"src\Battlescape\PlayerFactionAI.cpp","int","PLAYER_AI_FALLBACK_MAX_EMERGENCY_MOVE","6","3","4","5","7","8","9","Максимальная дальность emergency fallback."
"src\Battlescape\PlayerFactionAI.cpp","int","PLAYER_AI_STALK_BROKEN_ROOM_TILE_LIMIT","90","45","68","89","91","112","135","Размер комнаты, после которого stalk ambush считает ее разомкнутой/сломанной."
"src\Battlescape\PlayerFactionAI.cpp","int","PLAYER_AI_STALK_RISKY_ROOM_TILE_LIMIT","16","8","12","15","17","20","24","Размер малой комнаты, выше которого entry считается рискованным."
"src\Battlescape\PlayerFactionAI.cpp","int","PLAYER_AI_STALK_HALL_ROOM_SIZE_BONUS_LIMIT","60","30","45","59","61","75","90","Размер контакта, добавляющий room pressure в stalk ambush."
"src\Battlescape\PlayerFactionAI.cpp","int","PLAYER_AI_STALK_RISKY_MIN_SCORE","115","58","86","104","127","144","172","Минимальный score stalk ambush около рискованной комнаты."
"src\Battlescape\PlayerFactionAI.cpp","int","PLAYER_AI_STALK_NORMAL_MIN_SCORE","155","78","116","140","170","194","232","Минимальный score stalk ambush вне рискованной комнаты."
"src\Battlescape\PlayerFactionAI.cpp","int","PLAYER_AI_GRENADE_TEAM_MIN_SCORE_DEFAULT","160","80","120","144","176","200","240","Базовый minScore team-spotted explosive."
"src\Battlescape\PlayerFactionAI.cpp","int","PLAYER_AI_GRENADE_TEAM_MIN_SCORE_CLUSTER","120","60","90","108","132","150","180","MinScore team-spotted explosive по кластеру врагов."
"src\Battlescape\PlayerFactionAI.cpp","int","PLAYER_AI_GRENADE_TEAM_MIN_SCORE_HIGH","130","65","98","117","143","162","195","MinScore team-spotted explosive по очень ценной одиночной цели."
"src\Battlescape\PlayerFactionAI.cpp","int","PLAYER_AI_GRENADE_TEAM_MIN_SCORE_MEDIUM","145","72","109","130","160","181","218","MinScore team-spotted explosive по средней ценной цели."
"src\Battlescape\PlayerFactionAI.cpp","int","PLAYER_AI_GRENADE_HIGH_HEALTH","80","56","68","75","85","92","104","Health, с которого цель считается высокоценной для гранаты."
"src\Battlescape\PlayerFactionAI.cpp","int","PLAYER_AI_GRENADE_HIGH_VALUE_WEAPON_DANGER","105","74","89","100","110","121","136","Опасность оружия врага для high-value grenade target."
"src\Battlescape\PlayerFactionAI.cpp","int","PLAYER_AI_GRENADE_SCATTER_PENALTY","180","90","135","162","198","225","270","Штраф grenade score за риск scatter по союзникам."
"src\Battlescape\PlayerFactionAI.cpp","int","PLAYER_AI_GRENADE_EVACUATABLE_ALLY_PENALTY","25","12","19","22","28","31","38","Штраф за союзника в blast radius, который теоретически может уйти."
"src\Battlescape\PlayerFactionAI.cpp","int","PLAYER_AI_GRENADE_RISKY_EVACUATION_PENALTY","160","80","120","144","176","200","240","Дополнительный штраф за рискованную эвакуацию союзника из blast."
"src\Battlescape\PlayerFactionAI.cpp","int","PLAYER_AI_WEAPON_DANGER_RADIUS_BONUS","12","6","9","11","13","15","18","Вклад blast radius в danger score оружия."
"src\Battlescape\PlayerFactionAI.cpp","int","PLAYER_AI_THROW_DISTANCE_BIAS","8","4","6","7","9","10","12","Смещение старой формулы дальности броска перед переводом voxel distance в tile distance."
"src\Battlescape\PlayerFactionAI.cpp","double","PLAYER_AI_THROW_DISTANCE_TILE_SCALE","16.0","8","12","15","17","20","24","Перевод throw-distance из voxel-like единиц в клетки."
"src\Battlescape\PlayerFactionAI.cpp","double","PLAYER_AI_THROW_UNDERWATER_FACTOR_BASE","100.0","80","90","95","105","110","120","База процентного underwater throw factor."
"src\Battlescape\PlayerFactionAI.cpp","int","PLAYER_AI_THROW_TARGET_VOXEL_XY","8","4","6","7","9","10","12","Центр tile по X/Y для проверки траектории броска."
"src\Battlescape\PlayerFactionAI.cpp","int","PLAYER_AI_THROW_TARGET_VOXEL_Z_BASE","2","1","3","0","4","5","6","Базовая высота target voxel над terrain level."
"src\Battlescape\PlayerFactionAI.cpp","double","PLAYER_AI_THROW_MIN_CURVATURE","0.48","0.336","0.408","0","5.48","0.552","0.624","Минимальная кривизна параболы броска."
"src\Battlescape\PlayerFactionAI.cpp","double","PLAYER_AI_THROW_CURVATURE_STRENGTH_FACTOR","1.73","1.211","1.4705","0","6.73","1.9895","2.249","Вес strength/weight в стартовой кривизне броска."
"src\Battlescape\PlayerFactionAI.cpp","double","PLAYER_AI_THROW_KNEEL_CURVATURE_BONUS","0.1","0.07","0.085","0","5.1","0.115","0.13","Добавка к кривизне броска для kneeling unit."
"src\Battlescape\PlayerFactionAI.cpp","double","PLAYER_AI_THROW_MAX_CURVATURE","5.0","3.5","4.25","0","10","5.75","6.5","Верхняя граница перебора кривизны траектории."
"src\Battlescape\PlayerFactionAI.cpp","double","PLAYER_AI_THROW_CURVATURE_STEP","0.5","0.25","0.375","0","1.5","0.625","0.75","Шаг перебора кривизны траектории."
"src\Battlescape\PlayerFactionAI.cpp","int","PLAYER_AI_PICKUP_TU_COST","4","2","3","5","6","1","7","Hardcoded TU за поднятие предмета перед использованием/броском."
"src\Battlescape\PlayerFactionAI.cpp","int","PLAYER_AI_EXPLOSIVE_POWER_SCORE","2","1","0","7","3","4","5","Вес power в выборе лучшей взрывчатки."
"src\Battlescape\PlayerFactionAI.cpp","int","PLAYER_AI_EXPLOSIVE_RADIUS_SCORE","25","12","19","24","26","31","38","Вес radius в выборе лучшей взрывчатки."
"src\Battlescape\PlayerFactionAI.cpp","int","PLAYER_AI_THROWER_THROWING_SCORE","4","2","3","5","6","1","7","Вес throwing skill при ранжировании носителей взрывчатки."
"src\Battlescape\PlayerFactionAI.cpp","int","PLAYER_AI_THROWER_TU_SCORE","2","1","0","7","3","4","5","Вес TU при ранжировании носителей взрывчатки."
"src\Battlescape\PlayerFactionAI.cpp","int","PLAYER_AI_THROWER_RADIUS_SCORE","20","10","15","19","21","25","30","Вес blast radius при ранжировании носителей взрывчатки."
"src\Battlescape\PlayerFactionAI.cpp","int","PLAYER_AI_PENDING_GRENADE_MEMORY_TURNS","4","2","3","5","6","1","7","Сколько ходов pending grenade danger считается актуальным."
"src\Battlescape\PlayerFactionAI.cpp","int","PLAYER_AI_PENDING_MINE_MEMORY_TURNS","3","2","4","1","5","0","6","Сколько ходов proximity mine plan/staging считается актуальным."
"src\Battlescape\PlayerFactionAI.cpp","int","PLAYER_AI_PROXIMITY_DEFAULT_TARGET_SPACING","7","4","5","6","8","9","10","Дистанция разделения proximity mine target по умолчанию."
"src\Battlescape\PlayerFactionAI.cpp","int","PLAYER_AI_PROXIMITY_CONTACT_MEMORY_DISTANCE","8","4","6","7","9","10","12","Максимальная дистанция совпадения contact в памяти proximity mine."
"src\Battlescape\PlayerFactionAI.cpp","int","PLAYER_AI_PROXIMITY_TARGET_MEMORY_DISTANCE","7","4","5","6","8","9","10","Максимальная дистанция совпадения target в памяти proximity mine."
"src\Battlescape\PlayerFactionAI.cpp","int","PLAYER_AI_MOVEMENT_OSCILLATION_DECAY","1","0","2","3","4","5","6","На сколько снижается oscillation при нормальном движении/новом ходу."
"src\Battlescape\PlayerFactionAI.cpp","int","PLAYER_AI_MOVEMENT_OSCILLATION_GAIN","2","1","3","0","4","5","6","На сколько растет oscillation при возврате между двумя позициями."
"src\Battlescape\PlayerFactionAI.cpp","int","PLAYER_AI_INITIAL_CLOSEST_DISTANCE","100","50","75","99","101","125","150","Начальный closest distance до поиска ближайшей цели."
"src\Battlescape\PlayerFactionAI.cpp","float","PLAYER_AI_LEEROY_RUN_STAMINA_FRACTION","0.4f","0.2","0.3","0.35","0.45","0.5","0.6","Доля stamina, выше которой mindless melee unit может бежать."
"src\Battlescape\PlayerFactionAI.cpp","int","PLAYER_AI_MEDIKIT_LOW_ENERGY_PERCENT","40","20","30","35","45","50","60","Energy percent, ниже которого AI хочет stimulant."
"src\Battlescape\PlayerFactionAI.cpp","int","PLAYER_AI_MEDIKIT_HEAL_BASE_CHANCE","120","60","90","108","132","150","180","Базовый шанс heal при нулевом effective health."
"src\Battlescape\PlayerFactionAI.cpp","int","PLAYER_AI_MEDIKIT_HEAL_HEALTH_SCALE","4","3","0","9","5","2","6","Снижение heal chance за процент effective health."
"src\Battlescape\PlayerFactionAI.cpp","int","PLAYER_AI_MEDIKIT_RANDOM_HEAL_CHANCE","5","2","4","6","8","3","7","Минимальный случайный heal wish при не срочной ране."
"src\Battlescape\PlayerFactionAI.cpp","int","PLAYER_AI_MEDIKIT_STUN_BASE_CHANCE","140","98","119","135","145","161","182","Базовый шанс stimulant против stun при нулевом health percent."
"src\Battlescape\PlayerFactionAI.cpp","int","PLAYER_AI_MEDIKIT_STUN_HEALTH_SCALE","7","5","6","2","12","8","9","Снижение stun stimulant chance за процент health."
"src\Battlescape\PlayerFactionAI.cpp","int","PLAYER_AI_MEDIKIT_ENERGY_BASE_CHANCE","120","60","90","108","132","150","180","Базовый шанс stimulant для энергии при нулевой energy."
"src\Battlescape\PlayerFactionAI.cpp","int","PLAYER_AI_MEDIKIT_ENERGY_SCALE","3","2","4","1","5","0","6","Снижение energy stimulant chance за процент energy."
"src\Battlescape\PlayerFactionAI.cpp","int","PLAYER_AI_REACTION_FIRING_TOLERANCE","8","6","7","3","13","9","10","Насколько reactions могут отставать/обгонять firing для reaction guard."
"src\Battlescape\PlayerFactionAI.cpp","int","PLAYER_AI_SCOUT_TU_SCORE","2","1","0","7","3","4","5","Вес TU в ранжировании scout-кандидатов."
"src\Battlescape\PlayerFactionAI.cpp","int","PLAYER_AI_SCOUT_HEALTH_SCORE","80","56","68","75","85","92","104","Вес текущего здоровья в scout score."
"src\Battlescape\PlayerFactionAI.cpp","int","PLAYER_AI_SCOUT_SCORE_MARGIN","8","4","6","7","9","10","12","Преимущество другого бойца, чтобы считать его лучшим scout."
"src\Battlescape\PlayerFactionAI.cpp","int","PLAYER_AI_SCOUT_BETTER_LIMIT","2","1","3","0","4","5","6","Сколько лучших scout-кандидатов допускается перед отказом от scout роли."
"src\Battlescape\PlayerFactionAI.cpp","int","PLAYER_AI_ODDS_INITIAL_ESCAPE","80","40","60","70","90","100","120","Множитель escape odds для initial deploy."
"src\Battlescape\PlayerFactionAI.cpp","int","PLAYER_AI_ODDS_INITIAL_AMBUSH","230","190","210","220","240","250","270","Множитель ambush odds для initial deploy."
"src\Battlescape\PlayerFactionAI.cpp","int","PLAYER_AI_ODDS_INITIAL_COMBAT","65","25","45","55","75","85","105","Множитель combat odds для initial deploy."
"src\Battlescape\PlayerFactionAI.cpp","int","PLAYER_AI_ODDS_INITIAL_PATROL","18","0","8","28","38","58","17","Множитель patrol odds для initial deploy."
"src\Battlescape\PlayerFactionAI.cpp","int","PLAYER_AI_ODDS_INITIAL_FIRE_SUPPORT_AMBUSH","125","85","105","115","135","145","165","Доп. ambush множитель marksman/heavy в initial deploy."
"src\Battlescape\PlayerFactionAI.cpp","int","PLAYER_AI_ODDS_INITIAL_ASSAULT_COMBAT","110","70","90","100","120","130","150","Доп. combat множитель assault в initial deploy."
"src\Battlescape\PlayerFactionAI.cpp","int","PLAYER_AI_ODDS_DEFEND_ESCAPE","100","60","80","90","110","120","140","Множитель escape odds для defend line."
"src\Battlescape\PlayerFactionAI.cpp","int","PLAYER_AI_ODDS_DEFEND_AMBUSH","180","140","160","170","190","200","220","Множитель ambush odds для defend line."
"src\Battlescape\PlayerFactionAI.cpp","int","PLAYER_AI_ODDS_DEFEND_COMBAT","95","55","75","85","105","115","135","Множитель combat odds для defend line."
"src\Battlescape\PlayerFactionAI.cpp","int","PLAYER_AI_ODDS_DEFEND_PATROL","45","5","25","35","55","65","85","Множитель patrol odds для defend line."
"src\Battlescape\PlayerFactionAI.cpp","int","PLAYER_AI_ODDS_DEFEND_FIRE_SUPPORT_AMBUSH","125","85","105","115","135","145","165","Доп. ambush множитель marksman/heavy в defend line."
"src\Battlescape\PlayerFactionAI.cpp","int","PLAYER_AI_ODDS_DEFEND_ASSAULT_COMBAT","115","75","95","105","125","135","155","Доп. combat множитель assault в defend line."
"src\Battlescape\PlayerFactionAI.cpp","int","PLAYER_AI_ODDS_SIEGE_ESCAPE","100","60","80","90","110","120","140","Множитель escape odds для siege room."
"src\Battlescape\PlayerFactionAI.cpp","int","PLAYER_AI_ODDS_SIEGE_AMBUSH","210","170","190","200","220","230","250","Множитель ambush odds для siege room."
"src\Battlescape\PlayerFactionAI.cpp","int","PLAYER_AI_ODDS_SIEGE_COMBAT","90","50","70","80","100","110","130","Множитель combat odds для siege room."
"src\Battlescape\PlayerFactionAI.cpp","int","PLAYER_AI_ODDS_SIEGE_PATROL","30","0","10","20","40","50","70","Множитель patrol odds для siege room."
"src\Battlescape\PlayerFactionAI.cpp","int","PLAYER_AI_ODDS_SIEGE_ENTRY_AMBUSH","125","85","105","115","135","145","165","Доп. ambush множитель assault/melee в siege room."
"src\Battlescape\PlayerFactionAI.cpp","int","PLAYER_AI_ODDS_SIEGE_MARKSMAN_COMBAT","80","40","60","70","90","100","120","Доп. combat множитель marksman в siege room."
"src\Battlescape\PlayerFactionAI.cpp","int","PLAYER_AI_ODDS_HOLD_ESCAPE","95","55","75","85","105","115","135","Множитель escape odds для hold reaction."
"src\Battlescape\PlayerFactionAI.cpp","int","PLAYER_AI_ODDS_HOLD_AMBUSH","220","180","200","210","230","240","260","Множитель ambush odds для hold reaction."
"src\Battlescape\PlayerFactionAI.cpp","int","PLAYER_AI_ODDS_HOLD_COMBAT","70","30","50","60","80","90","110","Множитель combat odds для hold reaction."
"src\Battlescape\PlayerFactionAI.cpp","int","PLAYER_AI_ODDS_HOLD_PATROL","20","0","10","30","40","60","19","Множитель patrol odds для hold reaction."
"src\Battlescape\PlayerFactionAI.cpp","int","PLAYER_AI_ODDS_HOLD_SUPPORT_AMBUSH","120","80","100","110","130","140","160","Доп. ambush множитель support/marksman в hold reaction."
"src\Battlescape\PlayerFactionAI.cpp","int","PLAYER_AI_ODDS_ASSAULT_ESCAPE","70","30","50","60","80","90","110","Множитель escape odds для assault."
"src\Battlescape\PlayerFactionAI.cpp","int","PLAYER_AI_ODDS_ASSAULT_AMBUSH","75","35","55","65","85","95","115","Множитель ambush odds для assault."
"src\Battlescape\PlayerFactionAI.cpp","int","PLAYER_AI_ODDS_ASSAULT_COMBAT","160","120","140","150","170","180","200","Множитель combat odds для assault."
"src\Battlescape\PlayerFactionAI.cpp","int","PLAYER_AI_ODDS_ASSAULT_PATROL","65","25","45","55","75","85","105","Множитель patrol odds для assault."
"src\Battlescape\PlayerFactionAI.cpp","int","PLAYER_AI_ODDS_ASSAULT_FRONT_COMBAT","125","85","105","115","135","145","165","Доп. combat множитель assault/melee в assault."
"src\Battlescape\PlayerFactionAI.cpp","int","PLAYER_AI_ODDS_ASSAULT_FIRE_SUPPORT_COMBAT","110","70","90","100","120","130","150","Доп. combat множитель marksman/heavy в assault."
"src\Battlescape\PlayerFactionAI.cpp","int","PLAYER_AI_ODDS_SURVIVE_CONTACT_ESCAPE","230","190","210","220","240","250","270","Escape odds survive при видимом/spotting контакте."
"src\Battlescape\PlayerFactionAI.cpp","int","PLAYER_AI_ODDS_SURVIVE_SAFE_ESCAPE","95","55","75","85","105","115","135","Escape odds survive без прямого контакта."
"src\Battlescape\PlayerFactionAI.cpp","int","PLAYER_AI_ODDS_SURVIVE_CONTACT_AMBUSH","145","105","125","135","155","165","185","Ambush odds survive при прямом контакте."
"src\Battlescape\PlayerFactionAI.cpp","int","PLAYER_AI_ODDS_SURVIVE_SAFE_AMBUSH","220","180","200","210","230","240","260","Ambush odds survive без прямого контакта."
"src\Battlescape\PlayerFactionAI.cpp","int","PLAYER_AI_ODDS_SURVIVE_COMBAT","50","10","30","40","60","70","90","Combat odds survive."
"src\Battlescape\PlayerFactionAI.cpp","int","PLAYER_AI_ODDS_SURVIVE_SUPPORT_ESCAPE","120","80","100","110","130","140","160","Доп. escape множитель support/heavy в survive."
"src\Battlescape\PlayerFactionAI.cpp","int","PLAYER_AI_ODDS_SURVIVE_ASSAULT_AMBUSH","115","75","95","105","125","135","155","Доп. ambush множитель assault в survive."
"src\Battlescape\PlayerFactionAI.cpp","int","PLAYER_AI_ODDS_RETREAT_ESCAPE","300","260","280","290","310","320","340","Множитель escape odds для retreat regroup."
"src\Battlescape\PlayerFactionAI.cpp","int","PLAYER_AI_ODDS_RETREAT_AMBUSH","75","35","55","65","85","95","115","Множитель ambush odds для retreat regroup."
"src\Battlescape\PlayerFactionAI.cpp","int","PLAYER_AI_ODDS_RETREAT_COMBAT","35","0","15","25","45","55","75","Множитель combat odds для retreat regroup."
"src\Battlescape\PlayerFactionAI.cpp","int","PLAYER_AI_ODDS_RETREAT_FRONT_AMBUSH","115","75","95","105","125","135","155","Доп. ambush множитель assault/melee в retreat regroup."
"src\Battlescape\PlayerFactionAI.cpp","int","PLAYER_AI_ODDS_HUNT_ESCAPE","70","30","50","60","80","90","110","Множитель escape odds для hunt last enemy."
"src\Battlescape\PlayerFactionAI.cpp","int","PLAYER_AI_ODDS_HUNT_VISIBLE_AMBUSH","120","80","100","110","130","140","160","Ambush odds hunt при видимом или последнем известном враге."
"src\Battlescape\PlayerFactionAI.cpp","int","PLAYER_AI_ODDS_HUNT_HIDDEN_AMBUSH","160","158","159","161","162","163","165","Ambush odds hunt при скрытом последнем враге."
"src\Battlescape\PlayerFactionAI.cpp","int","PLAYER_AI_ODDS_HUNT_VISIBLE_COMBAT","145","105","125","135","155","165","185","Combat odds hunt при видимом враге."
"src\Battlescape\PlayerFactionAI.cpp","int","PLAYER_AI_ODDS_HUNT_HIDDEN_COMBAT","90","88","89","91","92","93","95","Combat odds hunt при скрытом враге."
"src\Battlescape\PlayerFactionAI.cpp","int","PLAYER_AI_ODDS_HUNT_VISIBLE_PATROL","90","50","70","80","100","110","130","Patrol odds hunt при видимом враге."
"src\Battlescape\PlayerFactionAI.cpp","int","PLAYER_AI_ODDS_HUNT_HIDDEN_PATROL","65","63","64","66","67","68","70","Patrol odds hunt при скрытом враге."
"src\Battlescape\PlayerFactionAI.cpp","int","PLAYER_AI_ODDS_HUNT_FRONT_PRESSURE","115","75","95","105","125","135","155","Доп. patrol/combat множитель assault/melee в hunt."
"src\Battlescape\PlayerFactionAI.cpp","int","PLAYER_AI_ODDS_HUNT_FIRE_SUPPORT_PATROL","75","35","55","65","85","95","115","Доп. patrol множитель marksman/heavy в hunt."
"src\Battlescape\PlayerFactionAI.cpp","int","PLAYER_AI_ODDS_HUNT_FIRE_SUPPORT_AMBUSH","115","75","95","105","125","135","155","Доп. ambush множитель marksman/heavy в hunt."
"src\Battlescape\PlayerFactionAI.cpp","int","PLAYER_AI_RANGE_DEFAULT","9","4","7","8","10","11","14","Базовая preferred engagement range до учета роли."
"src\Battlescape\PlayerFactionAI.cpp","int","PLAYER_AI_RANGE_MARKSMAN","13","6","10","12","14","16","20","Preferred range для marksman."
"src\Battlescape\PlayerFactionAI.cpp","int","PLAYER_AI_RANGE_HEAVY","12","6","9","11","13","15","18","Preferred range для heavy."
"src\Battlescape\PlayerFactionAI.cpp","int","PLAYER_AI_RANGE_ASSAULT","8","4","6","7","9","10","12","Preferred range для assault."
"src\Battlescape\PlayerFactionAI.cpp","int","PLAYER_AI_RANGE_MELEE","3","2","4","1","5","0","6","Preferred range для melee."
"src\Battlescape\PlayerFactionAI.cpp","int","PLAYER_AI_RANGE_SUPPORT","10","5","8","9","11","12","15","Preferred range для support."
"src\Battlescape\PlayerFactionAI.cpp","int","PLAYER_AI_RANGE_ACCURATE_AIMED","100","50","75","99","101","125","150","Aimed accuracy, дающая бонус к preferred range."
"src\Battlescape\PlayerFactionAI.cpp","int","PLAYER_AI_RANGE_GOOD_FIRING","60","30","45","59","61","75","90","Firing skill, нужный для бонуса дальности с точным оружием."
"src\Battlescape\PlayerFactionAI.cpp","int","PLAYER_AI_RANGE_ACCURATE_BONUS","1","0","2","3","4","5","6","Добавка дальности за точное aimed оружие."
"src\Battlescape\PlayerFactionAI.cpp","int","PLAYER_AI_RANGE_AUTO_AIMED_LIMIT","90","45","68","89","91","112","135","Aimed accuracy ниже которой auto weapon считается ближним."
"src\Battlescape\PlayerFactionAI.cpp","int","PLAYER_AI_RANGE_AUTO_PENALTY","2","1","3","0","4","5","6","Снижение дальности для auto-оружия с неточным aimed."
"src\Battlescape\PlayerFactionAI.cpp","int","PLAYER_AI_RANGE_OVERWEIGHT_BONUS","2","1","3","0","4","5","6","Добавка preferred range для оружия тяжелее strength."
"src\Battlescape\PlayerFactionAI.cpp","int","PLAYER_AI_RANGE_LOW_FIRING","45","22","34","44","46","56","68","Firing ниже этого значения уменьшает preferred range."
"src\Battlescape\PlayerFactionAI.cpp","int","PLAYER_AI_RANGE_HIGH_FIRING","70","35","52","69","71","88","105","Firing выше этого значения увеличивает preferred range."
"src\Battlescape\PlayerFactionAI.cpp","int","PLAYER_AI_RANGE_LOW_FIRING_PENALTY","2","1","3","0","4","5","6","Штраф preferred range для низкого firing."
"src\Battlescape\PlayerFactionAI.cpp","int","PLAYER_AI_RANGE_HIGH_FIRING_BONUS","1","0","2","3","4","5","6","Бонус preferred range для высокого firing."
"src\Battlescape\PlayerFactionAI.cpp","int","PLAYER_AI_RANGE_MIN","3","2","4","1","5","0","6","Нижняя граница preferred engagement range."
"src\Battlescape\PlayerFactionAI.cpp","int","PLAYER_AI_RANGE_MAX","15","8","11","14","16","19","22","Верхняя граница preferred engagement range."
"src\Battlescape\PlayerFactionAI.cpp","int","PLAYER_AI_WEAPON_POWER_SCORE","3","2","0","8","4","1","5","Вес raw weapon power в scoreWeaponForUnit."
"src\Battlescape\PlayerFactionAI.cpp","int","PLAYER_AI_WEAPON_MIN_SKILL","30","15","22","27","33","38","45","Минимальный skill, используемый при оценке точности оружия."
"src\Battlescape\PlayerFactionAI.cpp","int","PLAYER_AI_WEAPON_SNAP_SCALE","60","30","45","54","66","75","90","Делитель snap accuracy вклада в scoreWeaponForUnit."
"src\Battlescape\PlayerFactionAI.cpp","int","PLAYER_AI_WEAPON_AIMED_SCALE","90","45","68","81","99","112","135","Делитель aimed accuracy вклада в scoreWeaponForUnit."
"src\Battlescape\PlayerFactionAI.cpp","int","PLAYER_AI_WEAPON_AUTO_SCALE","80","40","60","72","88","100","120","Делитель auto accuracy вклада в scoreWeaponForUnit."
"src\Battlescape\PlayerFactionAI.cpp","int","PLAYER_AI_WEAPON_MELEE_SCALE","70","35","52","63","77","88","105","Делитель melee accuracy вклада в scoreWeaponForUnit."
"src\Battlescape\PlayerFactionAI.cpp","int","PLAYER_AI_WEAPON_MELEE_PENALTY","180","90","135","162","198","225","270","Штраф melee weapon при выборе carried weapon."
"src\Battlescape\PlayerFactionAI.cpp","int","PLAYER_AI_WEAPON_WAYPOINT_BONUS","80","40","60","72","88","100","120","Бонус waypoint/blaster-like оружия."
"src\Battlescape\PlayerFactionAI.cpp","int","PLAYER_AI_WEAPON_EXPLOSIVE_RADIUS_BONUS","18","9","14","17","19","22","27","Бонус оружия за blast radius ammo."
"src\Battlescape\PlayerFactionAI.cpp","int","PLAYER_AI_WEAPON_OVERWEIGHT_PENALTY","25","18","21","20","30","29","32","Штраф за каждый weight сверх strength."
"src\Battlescape\PlayerFactionAI.cpp","int","PLAYER_AI_WEAPON_WEIGHT_PENALTY","2","1","0","7","3","4","5","Базовый штраф за вес оружия."
"src\Battlescape\PlayerFactionAI.cpp","int","PLAYER_AI_WEAPON_NO_AMMO_PENALTY","250","125","188","225","275","312","375","Штраф unloaded ammo weapon."
"src\Battlescape\PlayerFactionAI.cpp","int","PLAYER_AI_EQUIP_SAFE_REQUIRED_GAIN","40","20","30","36","44","50","60","Минимальный выигрыш score для смены оружия без известных врагов."
"src\Battlescape\PlayerFactionAI.cpp","int","PLAYER_AI_EQUIP_CONTACT_REQUIRED_GAIN","160","80","120","144","176","200","240","Минимальный выигрыш score для смены оружия при известных врагах."
"src\Battlescape\PlayerFactionAI.cpp","int","PLAYER_AI_GRENADE_REJECT_CUTOFF","-50000","-25000","-37500","-45000","-55000","-62500","-75000","Score ниже которого grenade/proximity target считается reject."
"src\Battlescape\PlayerFactionAI.cpp","int","PLAYER_AI_GRENADE_PROXIMITY_BASE_SCORE","20","10","15","18","22","25","30","Базовый score proximity grenade target."
"src\Battlescape\PlayerFactionAI.cpp","int","PLAYER_AI_GRENADE_MIN_EVACUATE_TU","8","6","7","3","13","9","10","Минимальный TU для выхода из blast radius."
"src\Battlescape\PlayerFactionAI.cpp","int","PLAYER_AI_GRENADE_EVACUATE_TU_PER_STEP","6","3","4","5","7","8","9","TU на шаг эвакуации из blast radius."
"src\Battlescape\PlayerFactionAI.cpp","int","PLAYER_AI_GRENADE_RISKY_EVACUATE_EXTRA_TU","10","7","8","5","15","12","13","Доп. TU запас, чтобы эвакуация не считалась рискованной."
"src\Battlescape\PlayerFactionAI.cpp","int","PLAYER_AI_GRENADE_ALLY_BASE_PENALTY","65","32","49","58","72","81","98","Базовый штраф за союзника в blast radius."
"src\Battlescape\PlayerFactionAI.cpp","int","PLAYER_AI_GRENADE_ALLY_RADIUS_PENALTY","18","9","14","17","19","22","27","Доп. штраф за близость союзника к центру blast."
"src\Battlescape\PlayerFactionAI.cpp","int","PLAYER_AI_GRENADE_UNIT_BASE_SCORE","90","45","68","81","99","112","135","Базовый score врага в blast radius."
"src\Battlescape\PlayerFactionAI.cpp","int","PLAYER_AI_GRENADE_WOUNDED_HEALTH_BONUS_BASE","90","63","76","85","95","103","117","Health benchmark для бонуса по раненым целям."
"src\Battlescape\PlayerFactionAI.cpp","int","PLAYER_AI_GRENADE_DURABLE_BONUS","110","55","82","99","121","138","165","Бонус score за durable target."
"src\Battlescape\PlayerFactionAI.cpp","int","PLAYER_AI_GRENADE_VERY_DURABLE_BONUS","90","45","68","81","99","112","135","Бонус score за very durable target."
"src\Battlescape\PlayerFactionAI.cpp","int","PLAYER_AI_GRENADE_WEAPON_DANGER_BONUS_CAP","160","112","136","155","165","184","208","Максимальный бонус grenade score за опасное оружие врага."
"src\Battlescape\PlayerFactionAI.cpp","int","PLAYER_AI_GRENADE_WEAPON_DANGER_BONUS_BASE","70","49","60","65","75","80","91","База вычитания из enemy weapon danger для бонуса."
"src\Battlescape\PlayerFactionAI.cpp","int","PLAYER_AI_GRENADE_TARGET_DISTANCE_PENALTY","8","4","6","7","9","10","12","Штраф grenade unit score за дистанцию цели от центра blast."
"src\Battlescape\PlayerFactionAI.cpp","int","PLAYER_AI_GRENADE_OLD_EFFICACY_SCORE","120","60","90","108","132","150","180","Вес старой explosiveEfficacy в grenade score."
"src\Battlescape\PlayerFactionAI.cpp","int","PLAYER_AI_GRENADE_SCATTER_MIN_SCORE","235","118","176","212","258","294","352","Минимальный score для scatter-risk throw по неидеальной цели."
"src\Battlescape\PlayerFactionAI.cpp","int","PLAYER_AI_GRENADE_RISKY_ALLY_MIN_SCORE","360","180","270","324","396","450","540","Минимальный score при risky evacuatable allies."
"src\Battlescape\PlayerFactionAI.cpp","int","PLAYER_AI_GRENADE_SINGLE_EMPTY_TILE_PENALTY","60","30","45","59","61","75","90","Штраф single-target throw, если в target tile нет врага."
"src\Battlescape\PlayerFactionAI.cpp","int","PLAYER_AI_GRENADE_SINGLE_DURABLE_HEALTH","60","42","51","55","65","69","78","Health одиночной цели для первого durable bonus."
"src\Battlescape\PlayerFactionAI.cpp","int","PLAYER_AI_GRENADE_SINGLE_DURABLE_BONUS","150","75","112","135","165","188","225","Бонус single-target grenade за durable target."
"src\Battlescape\PlayerFactionAI.cpp","int","PLAYER_AI_GRENADE_SINGLE_VERY_DURABLE_WEAPON","120","60","90","108","132","150","180","Weapon danger одиночной цели для very durable bonus."
"src\Battlescape\PlayerFactionAI.cpp","int","PLAYER_AI_PROXIMITY_LOG_TURN_LIMIT","3","2","4","1","5","0","6","Последний ранний ход, когда логируются proximity skips."
"src\Battlescape\PlayerFactionAI.cpp","int","PLAYER_AI_PROXIMITY_LOG_KNOWN_ENEMIES","8","4","6","7","9","10","12","Known enemies для early proximity diagnostics."
"src\Battlescape\PlayerFactionAI.cpp","int","PLAYER_AI_PROXIMITY_THROW_LIMIT_MIN","6","3","4","5","7","8","9","Минимальный throw limit для proximity/grenade throw."
"src\Battlescape\PlayerFactionAI.cpp","int","PLAYER_AI_PROXIMITY_THROW_ACCURACY_DIVISOR","12","10","11","13","14","15","17","Делитель accuracy в throw limit."
"src\Battlescape\PlayerFactionAI.cpp","int","PLAYER_AI_PROXIMITY_STAGED_THROW_BONUS","1","0","2","3","4","5","6","Доп. дальность для staged proximity throw."
"src\Battlescape\PlayerFactionAI.cpp","int","PLAYER_AI_PROXIMITY_NEARBY_MINE_MARGIN","2","1","3","0","4","5","6","Радиус поиска уже поставленной mine сверх blast radius."
"src\Battlescape\PlayerFactionAI.cpp","int","PLAYER_AI_PROXIMITY_EARLY_HOSTILE_MIN","8","4","6","7","9","10","12","Минимум hostile для early field mine."
"src\Battlescape\PlayerFactionAI.cpp","int","PLAYER_AI_PROXIMITY_ROOM_TILE_LIMIT","160","80","120","159","161","200","240","Максимальный размер обычной комнаты для mineable room."
"src\Battlescape\PlayerFactionAI.cpp","int","PLAYER_AI_PROXIMITY_ROOM_ENTRY_LIMIT","32","16","24","31","33","40","48","Максимум entry positions обычной комнаты для mineable room."
"src\Battlescape\PlayerFactionAI.cpp","int","PLAYER_AI_PROXIMITY_HALL_TILE_LIMIT","80","40","60","79","81","100","120","Максимальный размер hall для mineable proximity room."
"src\Battlescape\PlayerFactionAI.cpp","int","PLAYER_AI_PROXIMITY_HALL_ENTRY_LIMIT","18","9","14","17","19","22","27","Максимум entry positions hall для mineable room."
"src\Battlescape\PlayerFactionAI.cpp","int","PLAYER_AI_PROXIMITY_FIELD_ENTRY_LIMIT","8","4","6","7","9","10","12","Entry threshold, после которого early plan считается field mine."
"src\Battlescape\PlayerFactionAI.cpp","int","PLAYER_AI_PROXIMITY_FIELD_ROOM_TILE_LIMIT","120","60","90","119","121","150","180","Room size threshold для field mine."
"src\Battlescape\PlayerFactionAI.cpp","int","PLAYER_AI_PROXIMITY_FIELD_ALLY_DISTANCE","7","4","5","6","8","9","10","Ally distance threshold для field mine."
"src\Battlescape\PlayerFactionAI.cpp","int","PLAYER_AI_PROXIMITY_WORTH_ENEMIES","2","1","3","0","4","5","6","Минимум enemiesInRoom для worthwhile mine contact."
"src\Battlescape\PlayerFactionAI.cpp","int","PLAYER_AI_PROXIMITY_WORTH_ENTRY_LIMIT","3","2","4","1","5","0","6","Entry threshold, делающий contact worthy для mine."
"src\Battlescape\PlayerFactionAI.cpp","int","PLAYER_AI_PROXIMITY_WORTH_HEALTH","80","56","68","75","85","92","104","Health threshold, делающий contact worthy для mine."
"src\Battlescape\PlayerFactionAI.cpp","int","PLAYER_AI_PROXIMITY_ARMOR_POWER_NUM","2","1","0","7","3","4","5","Числитель armor/power threshold для worthy mine contact."
"src\Battlescape\PlayerFactionAI.cpp","int","PLAYER_AI_PROXIMITY_ARMOR_POWER_DEN","3","1","2","4","5","6","8","Знаменатель armor/power threshold для worthy mine contact."
"src\Battlescape\PlayerFactionAI.cpp","int","PLAYER_AI_PROXIMITY_FIELD_THREAT","120","84","102","115","125","138","156","Threat threshold для field mine contact."
"src\Battlescape\PlayerFactionAI.cpp","int","PLAYER_AI_PROXIMITY_ROOM_THREAT","145","102","123","140","150","167","188","Threat threshold для room mine contact."
"src\Battlescape\PlayerFactionAI.cpp","int","PLAYER_AI_PROXIMITY_BASE_MOVE_RADIUS","10","5","8","9","11","12","15","Базовый enemy move radius для mine planning."
"src\Battlescape\PlayerFactionAI.cpp","int","PLAYER_AI_PROXIMITY_MOVE_RADIUS_ENEMY_CAP","6","3","4","5","7","8","9","Максимальная добавка enemy count к move radius."
"src\Battlescape\PlayerFactionAI.cpp","int","PLAYER_AI_PROXIMITY_MOVE_RADIUS_PER_ENEMY","2","1","3","0","4","5","6","Добавка move radius за врага в комнате."
"src\Battlescape\PlayerFactionAI.cpp","int","PLAYER_AI_PROXIMITY_MOVE_RADIUS_MIN","6","3","4","5","7","8","9","Нижняя граница move radius по TU врага."
"src\Battlescape\PlayerFactionAI.cpp","int","PLAYER_AI_PROXIMITY_MOVE_RADIUS_MAX","18","9","14","17","19","22","27","Верхняя граница move radius по TU врага."
"src\Battlescape\PlayerFactionAI.cpp","int","PLAYER_AI_PROXIMITY_MOVE_RADIUS_TU_DIVISOR","4","2","3","5","6","7","9","Делитель TU врага при оценке move radius."
"src\Battlescape\PlayerFactionAI.cpp","int","PLAYER_AI_PROXIMITY_TACTICAL_BASE_SCORE","115","58","86","104","127","144","172","Базовый tactical score для proximity mine candidate."
"src\Battlescape\PlayerFactionAI.cpp","int","PLAYER_AI_PROXIMITY_RADIUS_SCORE","10","5","8","9","11","12","15","Вклад radius в tactical score proximity mine."
"src\Battlescape\PlayerFactionAI.cpp","int","PLAYER_AI_PROXIMITY_ROOM_ENEMY_SCORE_CAP","90","45","68","81","99","112","135","Максимальный бонус tactical score за enemiesInRoom."
"src\Battlescape\PlayerFactionAI.cpp","int","PLAYER_AI_PROXIMITY_ROOM_ENEMY_SCORE","40","20","30","36","44","50","60","Бонус tactical score за врага в комнате."
"src\Battlescape\PlayerFactionAI.cpp","int","PLAYER_AI_PROXIMITY_THREAT_SCORE_CAP","90","63","76","85","95","103","117","Максимальный бонус tactical score за contactThreat."
"src\Battlescape\PlayerFactionAI.cpp","int","PLAYER_AI_PROXIMITY_THREAT_SCORE_DIVISOR","3","1","2","4","5","6","8","Делитель contactThreat для tactical score."
"src\Battlescape\PlayerFactionAI.cpp","int","PLAYER_AI_PROXIMITY_BEHIND_TARGET_PENALTY","140","70","105","126","154","175","210","Штраф mine candidate, если он позади направления на контакт."
"src\Battlescape\PlayerFactionAI.cpp","int","PLAYER_AI_PROXIMITY_DOT_SCORE_CAP","95","48","71","86","105","119","142","Максимальный бонус за продвижение вдоль линии к контакту."
"src\Battlescape\PlayerFactionAI.cpp","int","PLAYER_AI_PROXIMITY_DOT_SCORE_DIVISOR","2","1","3","4","5","7","6","Делитель dot product для score."
"src\Battlescape\PlayerFactionAI.cpp","int","PLAYER_AI_PROXIMITY_CROSS_PENALTY_CAP","130","65","98","117","143","162","195","Максимальный штраф за боковое отклонение от линии контакта."
"src\Battlescape\PlayerFactionAI.cpp","int","PLAYER_AI_PROXIMITY_CROSS_PENALTY","3","2","4","1","5","0","6","Множитель cross deviation penalty."
"src\Battlescape\PlayerFactionAI.cpp","int","PLAYER_AI_PROXIMITY_PATH_PROGRESS_SCORE","8","4","6","7","9","10","12","Бонус за продвижение mine target к contact path."
"src\Battlescape\PlayerFactionAI.cpp","int","PLAYER_AI_PROXIMITY_THROW_ACCURACY_SCORE_CAP","60","42","51","55","65","69","78","Максимальный бонус за throw accuracy."
"src\Battlescape\PlayerFactionAI.cpp","int","PLAYER_AI_PROXIMITY_THROW_ACCURACY_BASE","50","35","42","45","55","57","65","Accuracy baseline для бонуса throw accuracy."
"src\Battlescape\PlayerFactionAI.cpp","int","PLAYER_AI_PROXIMITY_NARROW_ENTRY_LIMIT","2","1","3","0","4","5","6","Entries threshold для narrow-entry bonus."
"src\Battlescape\PlayerFactionAI.cpp","int","PLAYER_AI_PROXIMITY_NARROW_ENTRY_BONUS","45","22","34","40","50","56","68","Tactical bonus за узкий вход."
"src\Battlescape\PlayerFactionAI.cpp","int","PLAYER_AI_PROXIMITY_ROOM_EXIT_BONUS","35","18","26","32","38","44","52","Tactical bonus за target вне той же комнаты/field mine."
"src\Battlescape\PlayerFactionAI.cpp","int","PLAYER_AI_PROXIMITY_CONTACT_OVERSHOOT_PENALTY","15","8","11","14","16","19","22","Штраф за mine target дальше enemy move radius."
"src\Battlescape\PlayerFactionAI.cpp","int","PLAYER_AI_PROXIMITY_CONTACT_CLOSE_LIMIT","1","0","2","3","4","5","6","Дистанция слишком близко к контакту."
"src\Battlescape\PlayerFactionAI.cpp","int","PLAYER_AI_PROXIMITY_CONTACT_CLOSE_PENALTY","70","35","52","63","77","88","105","Штраф за слишком близкий mine target."
"src\Battlescape\PlayerFactionAI.cpp","int","PLAYER_AI_PROXIMITY_FIELD_ALLY_SAFE_DISTANCE","7","4","5","6","8","9","10","Желаемая дистанция field mine от ally anchor."
"src\Battlescape\PlayerFactionAI.cpp","int","PLAYER_AI_PROXIMITY_FIELD_ALLY_PENALTY","30","15","22","27","33","38","45","Штраф за близость field mine к ally anchor."
"src\Battlescape\PlayerFactionAI.cpp","int","PLAYER_AI_PROXIMITY_NON_HALL_BONUS","25","12","19","22","28","31","38","Бонус proximity target в комнате, не hall."
"src\Battlescape\PlayerFactionAI.cpp","int","PLAYER_AI_PROXIMITY_LOW_THROW_ACCURACY","65","46","55","60","70","75","84","Accuracy threshold для too-far throw penalty."
"src\Battlescape\PlayerFactionAI.cpp","int","PLAYER_AI_PROXIMITY_FIELD_RELAXED_KNOWN_ENEMIES","12","6","9","11","13","15","18","Known enemies, при которых field mine разрешает дальний бросок."
"src\Battlescape\PlayerFactionAI.cpp","int","PLAYER_AI_PROXIMITY_MIN_SCORE","125","62","94","112","138","156","188","Минимальный score для немедленной постановки proximity mine."
"src\Battlescape\PlayerFactionAI.cpp","int","PLAYER_AI_PROXIMITY_STAGE_MIN_SCORE","130","65","98","117","143","162","195","Минимальный score staged mine target."
"src\Battlescape\PlayerFactionAI.cpp","int","PLAYER_AI_PROXIMITY_STAGE_MOVE_MIN_SCORE","150","75","112","135","165","188","225","Минимальный score движения для staged mine."
"src\Battlescape\PlayerFactionAI.cpp","int","PLAYER_AI_SMOKE_MEMORY_TURNS","5","2","4","6","8","3","7","Сколько ходов smoke plan считается актуальным, чтобы не задымлять одну точку повторно."
"src\Battlescape\PlayerFactionAI.cpp","int","PLAYER_AI_SMOKE_CONTACT_MEMORY_DISTANCE","14","7","10","13","15","18","21","Дистанция совпадения enemy contact для smoke memory."
"src\Battlescape\PlayerFactionAI.cpp","int","PLAYER_AI_SMOKE_TARGET_MEMORY_DISTANCE","10","5","8","9","11","12","15","Дистанция совпадения smoke target для smoke memory."
"src\Battlescape\PlayerFactionAI.cpp","int","PLAYER_AI_SMOKE_MIN_RADIUS","2","1","3","0","4","5","6","Минимальный radius, при котором grenade считается полезной дымовой."
"src\Battlescape\PlayerFactionAI.cpp","int","PLAYER_AI_SMOKE_PICKUP_TU_BUFFER","0","5","1","2","3","4","6","Дополнительный TU буфер для smoke throw сверх pickup/prime."
"src\Battlescape\PlayerFactionAI.cpp","int","PLAYER_AI_SMOKE_MIN_THROW_RESERVE","4","2","3","5","6","1","7","Минимальный TU остаток после броска дыма."
"src\Battlescape\PlayerFactionAI.cpp","int","PLAYER_AI_SMOKE_INITIAL_TURN_LIMIT","3","2","4","1","5","0","6","Ходы, когда smoke screen особо полезен для выхода из стартовой зоны."
"src\Battlescape\PlayerFactionAI.cpp","int","PLAYER_AI_SMOKE_INITIAL_KNOWN_ENEMIES","3","2","4","1","5","0","6","Known enemies для раннего smoke screen даже без spotting."
"src\Battlescape\PlayerFactionAI.cpp","int","PLAYER_AI_SMOKE_PRESSURE_EXPOSURE","90","45","68","81","99","112","135","Exposure, с которого дым можно бросать под прямым давлением."
"src\Battlescape\PlayerFactionAI.cpp","int","PLAYER_AI_SMOKE_HIGH_EXPOSURE","120","60","90","108","132","150","180","Exposure, с которого дым почти всегда оправдан без хорошего выстрела."
"src\Battlescape\PlayerFactionAI.cpp","int","PLAYER_AI_SMOKE_SUPPORT_IDLE_MIN_ALLIES","5","2","4","6","8","3","7","Размер отряда, при котором idle/hold в начале может инициировать дым."
"src\Battlescape\PlayerFactionAI.cpp","int","PLAYER_AI_SMOKE_ROOM_ENTRY_LIMIT","4","2","3","5","6","1","7","Максимум входов в комнату, при котором smoke breach наиболее полезен."
"src\Battlescape\PlayerFactionAI.cpp","int","PLAYER_AI_SMOKE_ROOM_TILE_LIMIT","160","80","120","159","161","200","240","Максимальный размер комнаты для smoke breach."
"src\Battlescape\PlayerFactionAI.cpp","int","PLAYER_AI_SMOKE_TARGET_SMOKE_LIMIT","0","1","2","3","4","5","6","Если target tile уже задымлен, повторный дым не нужен."
"src\Battlescape\PlayerFactionAI.cpp","int","PLAYER_AI_SMOKE_MAX_THROW_DISTANCE","10","5","8","9","11","12","15","Максимальная дистанция до smoke target, чтобы не бросать дым в дальний контакт."
"src\Battlescape\PlayerFactionAI.cpp","int","PLAYER_AI_SMOKE_INITIAL_EXIT_SCAN_RADIUS","4","2","3","5","6","1","7","Радиус поиска нижнего выхода/рампы для стартового дыма."
"src\Battlescape\PlayerFactionAI.cpp","int","PLAYER_AI_SMOKE_INITIAL_EXIT_MAX_ALLY_DISTANCE","3","2","4","1","5","0","6","Дистанция от союзника до нижнего выхода, чтобы считать tile стартовой зоной."
"src\Battlescape\PlayerFactionAI.cpp","int","PLAYER_AI_SMOKE_INITIAL_EXIT_MIN_THROW_DISTANCE","2","1","3","0","4","5","6","Минимальная дальность стартового дыма, чтобы не класть его прямо в рампу под ногами."
"src\Battlescape\PlayerFactionAI.cpp","int","PLAYER_AI_SMOKE_INITIAL_COVER_MEMORY_DISTANCE","8","4","6","7","9","10","12","Дистанция от unit до стартового smoke plan, где нужно активнее выходить через дым."
"src\Battlescape\PlayerFactionAI.cpp","int","PLAYER_AI_SMOKE_EXIT_MOVE_DISTANCE","6","3","4","5","7","8","9","Максимальная длина принудительного выхода через стартовый дым."
"src\Battlescape\PlayerFactionAI.cpp","int","PLAYER_AI_SMOKE_EXIT_RESERVE_TU","14","7","10","13","15","18","21","Запас TU после выхода через дым, чтобы боец мог присесть/среагировать позже."
"src\Battlescape\PlayerFactionAI.cpp","int","PLAYER_AI_SMOKE_EXIT_MIN_SCORE","110","55","82","99","121","138","165","Минимальный score для принудительного выхода, если Escape ничего полезного не делает."
"src\Battlescape\PlayerFactionAI.cpp","int","PLAYER_AI_SMOKE_EXIT_LOWER_LEVEL_BONUS","220","110","165","198","242","275","330","Бонус клеткам ниже стартовой зоны: это фактический выход из транспорта."
"src\Battlescape\PlayerFactionAI.cpp","int","PLAYER_AI_SMOKE_ALLY_BLIND_RADIUS","2","1","3","0","4","5","6","Радиус вокруг союзника, куда нельзя класть центр дыма."
"src\Battlescape\PlayerFactionAI.cpp","int","PLAYER_AI_SMOKE_ALLY_BLIND_PENALTY","180","90","135","162","198","225","270","Штраф за задымление союзника/огневой позиции."
"src\Battlescape\PlayerFactionAI.cpp","int","PLAYER_AI_SMOKE_INITIAL_ALLY_BLIND_PENALTY","35","18","26","32","38","44","52","Смягченный штраф союзников для стартового дыма у выхода."
"src\Battlescape\PlayerFactionAI.cpp","int","PLAYER_AI_SMOKE_FIRELINE_SCORE","90","45","68","81","99","112","135","Бонус target, который снижает текущие fire lines."
"src\Battlescape\PlayerFactionAI.cpp","int","PLAYER_AI_SMOKE_SPOTTER_SCORE","120","60","90","108","132","150","180","Бонус target при текущем spotting."
"src\Battlescape\PlayerFactionAI.cpp","int","PLAYER_AI_SMOKE_EXPOSURE_SCORE_DIVISOR","2","1","3","4","5","7","6","Делитель current exposure для smoke score."
"src\Battlescape\PlayerFactionAI.cpp","int","PLAYER_AI_SMOKE_CONTACT_DISTANCE_SCORE","6","3","4","5","7","8","9","Вес близости smoke target к contact."
"src\Battlescape\PlayerFactionAI.cpp","int","PLAYER_AI_SMOKE_SELF_DISTANCE_PENALTY","7","4","5","6","8","9","10","Штраф за дальность броска дыма от unit."
"src\Battlescape\PlayerFactionAI.cpp","int","PLAYER_AI_SMOKE_CENTER_PATH_BONUS","45","22","34","40","50","56","68","Бонус за target между unit/отрядом и contact."
"src\Battlescape\PlayerFactionAI.cpp","int","PLAYER_AI_SMOKE_ENTRY_BONUS","80","40","60","72","88","100","120","Бонус entry tile при smoke breach."
"src\Battlescape\PlayerFactionAI.cpp","int","PLAYER_AI_SMOKE_INITIAL_BONUS","70","35","52","63","77","88","105","Бонус раннего выхода из стартовой зоны."
"src\Battlescape\PlayerFactionAI.cpp","int","PLAYER_AI_SMOKE_SIEGE_BONUS","85","42","64","76","94","106","128","Бонус smoke breach для siege room."
"src\Battlescape\PlayerFactionAI.cpp","int","PLAYER_AI_SMOKE_SURVIVE_BONUS","100","50","75","90","110","125","150","Бонус дыма в survive/retreat."
"src\Battlescape\PlayerFactionAI.cpp","int","PLAYER_AI_SMOKE_GOOD_SHOT_VISIBLE_LIMIT","1","0","2","3","4","5","6","Видимые враги, при которых дым запрещен если есть хороший выстрел."
"src\Battlescape\PlayerFactionAI.cpp","int","PLAYER_AI_SMOKE_MIN_SCORE","260","130","195","234","286","325","390","Минимальный score для аварийного броска дыма."
"src\Battlescape\PlayerFactionAI.cpp","int","PLAYER_AI_SMOKE_BREACH_MIN_SCORE","200","100","150","180","220","250","300","Минимальный score для smoke breach у опасной комнаты."
"src\Battlescape\PlayerFactionAI.cpp","int","PLAYER_AI_SMOKE_INITIAL_MIN_SCORE","50","25","38","45","55","62","75","Минимальный score для стартового smoke screen."
"src\Battlescape\PlayerFactionAI.cpp","double","PLAYER_AI_GEOMETRY_EPSILON","0.1","0.01","0.05","0.075","0.15","0.2","0.3","Малый epsilon для проверок вырожденных 2D-векторов."
"src\Battlescape\PlayerFactionPlanner.cpp","int","PLAYER_AI_OPEN_ROOM_TILE_LIMIT","90","45","68","89","91","112","135","Размер комнаты, после которого planner трактует ее как открытую зону."
"src\Battlescape\PlayerFactionPlanner.cpp","int","PLAYER_AI_BASE_ENEMY_THREAT","40","28","34","35","45","46","52","Базовая угроза любого активного hostile."
"src\Battlescape\PlayerFactionPlanner.cpp","int","PLAYER_AI_ARMED_THREAT_BONUS","35","24","30","40","46","34","36","Бонус угрозы за оружие в основной руке."
"src\Battlescape\PlayerFactionPlanner.cpp","int","PLAYER_AI_MELEE_THREAT_BONUS","20","14","17","15","25","23","26","Бонус угрозы за melee-оружие."
"src\Battlescape\PlayerFactionPlanner.cpp","int","PLAYER_AI_REJECT_SCORE","-100000","-50000","-75000","-90000","-110000","-125000","-150000","Sentinel-score для невозможного назначения."
"src\Battlescape\PlayerFactionPlanner.cpp","int","PLAYER_AI_MIN_PRESSURE_ACCURACY","30","21","26","25","35","34","39","Минимальная точность, используемая при оценке pressure оружия."
"src\Battlescape\PlayerFactionPlanner.cpp","int","PLAYER_AI_PRESSURE_PERCENT","100","80","90","95","105","110","120","База процентной формулы expected pressure."
"src\Battlescape\PlayerFactionPlanner.cpp","int","PLAYER_AI_MELEE_CLOSE_RANGE","3","2","4","1","5","0","6","Дистанция, на которой melee-актеру выгодна цель."
"src\Battlescape\PlayerFactionPlanner.cpp","int","PLAYER_AI_MELEE_CLOSE_ASSIGNMENT_BONUS","45","22","34","40","50","56","68","Бонус melee-назначения по близкой цели."
"src\Battlescape\PlayerFactionPlanner.cpp","int","PLAYER_AI_MELEE_FAR_ASSIGNMENT_PENALTY","60","30","45","54","66","75","90","Штраф melee-назначения по дальней цели."
"src\Battlescape\PlayerFactionPlanner.cpp","int","PLAYER_AI_CAN_SHOOT_ASSIGNMENT_BONUS","150","75","112","135","165","188","225","Бонус назначения цели, по которой юнит уже может стрелять."
"src\Battlescape\PlayerFactionPlanner.cpp","int","PLAYER_AI_CAN_SEE_ASSIGNMENT_BONUS","30","15","22","27","33","38","45","Бонус назначения цели, которую юнит видит."
"src\Battlescape\PlayerFactionPlanner.cpp","int","PLAYER_AI_UNSEEN_VISIBLE_CONTACT_PENALTY","80","40","60","72","88","100","120","Штраф назначения видимого фракции контакта юниту без своей видимости."
"src\Battlescape\PlayerFactionPlanner.cpp","int","PLAYER_AI_WOUNDED_HEALTH_LIMIT","35","18","26","34","36","44","52","Health, ниже которого цель считается раненой для фокуса."
"src\Battlescape\PlayerFactionPlanner.cpp","int","PLAYER_AI_WOUNDED_ASSIGNMENT_BONUS","65","32","49","58","72","81","98","Бонус добивания раненой цели."
"src\Battlescape\PlayerFactionPlanner.cpp","int","PLAYER_AI_WOUNDED_OVERFOCUS_PENALTY","25","12","19","22","28","31","38","Штраф за каждого уже назначенного на раненую цель."
"src\Battlescape\PlayerFactionPlanner.cpp","int","PLAYER_AI_NORMAL_OVERFOCUS_PENALTY","35","18","26","32","38","44","52","Штраф за каждого уже назначенного на обычную цель."
"src\Battlescape\PlayerFactionPlanner.cpp","int","PLAYER_AI_VISIBLE_BY_FOCUS_BONUS","20","10","15","18","22","25","30","Focus score за каждого союзника, который видит цель."
"src\Battlescape\PlayerFactionPlanner.cpp","int","PLAYER_AI_CAN_SHOOT_BY_FOCUS_BONUS","35","18","26","32","38","44","52","Focus score за каждого союзника, который может стрелять по цели."
"src\Battlescape\PlayerFactionPlanner.cpp","int","PLAYER_AI_HIDDEN_CONTACT_LIMIT","3","1","2","4","5","6","8","Максимум hidden contacts, которые planner сохраняет без видимых врагов."
"src\Battlescape\PlayerFactionPlanner.cpp","int","PLAYER_AI_HIDDEN_FOCUS_BASE_PENALTY","90","88","89","91","92","93","95","Базовый штраф focus score для hidden contact."
"src\Battlescape\PlayerFactionPlanner.cpp","int","PLAYER_AI_HIDDEN_DISTANCE_PENALTY","2","1","3","4","5","7","6","Штраф hidden contact за дистанцию до ближайшего союзника."
"src\Battlescape\PlayerFactionPlanner.cpp","int","PLAYER_AI_HIDDEN_THREAT_SCALE_NUM","2","1","3","4","5","7","6","Числитель снижения threat hidden contact."
"src\Battlescape\PlayerFactionPlanner.cpp","int","PLAYER_AI_HIDDEN_THREAT_SCALE_DEN","3","1","2","4","5","6","8","Знаменатель снижения threat hidden contact."
"src\Battlescape\PlayerFactionPlanner.cpp","int","PLAYER_AI_ROOM_CONTACT_THREAT_BONUS","20","14","17","15","25","23","26","Базовый бонус угрозы за контакт в закрытой комнате."
"src\Battlescape\PlayerFactionPlanner.cpp","int","PLAYER_AI_ROOM_EXTRA_ENEMY_THREAT_BONUS","45","31","38","40","50","52","58","Бонус угрозы за каждого дополнительного врага в комнате."
"src\Battlescape\PlayerFactionPlanner.cpp","int","PLAYER_AI_ROOM_CONTROLLED_OPENING_LIMIT","2","1","3","0","4","5","6","Двери/окна, ниже которых комната считается контролируемой/узкой."
"src\Battlescape\PlayerFactionPlanner.cpp","int","PLAYER_AI_HALL_EXTRA_ENEMY_THREAT_BONUS","20","14","17","15","25","23","26","Бонус угрозы за дополнительных врагов в hall/open zone."
"src\Battlescape\PlayerFactionPlanner.cpp","int","PLAYER_AI_LATE_HUNT_TURN","50","25","38","49","51","62","75","Ход, после которого включается late hunt при малом числе hostile."
"src\Battlescape\PlayerFactionPlanner.cpp","int","PLAYER_AI_HIDDEN_ASSIGN_ALL_TURN","16","14","15","17","18","19","21","Ход, после которого hidden target можно назначать всему отряду."
"src\Battlescape\PlayerFactionPlanner.cpp","int","PLAYER_AI_DANGEROUS_VISIBLE_THREAT","130","91","110","125","135","150","169","Threat видимой цели, позволяющий поднять лимит назначенных стрелков."
"src\Battlescape\PlayerFactionPlanner.cpp","int","PLAYER_AI_MANY_ENEMIES_MIN","5","2","4","6","8","3","7","Минимум hostile для режима many-enemies pressure."
"src\Battlescape\PlayerFactionPlanner.cpp","int","PLAYER_AI_OUTNUMBERED_MARGIN","2","1","3","0","4","5","6","Насколько hostile должны превосходить союзников для outnumbered."
"src\Battlescape\PlayerFactionPlanner.cpp","int","PLAYER_AI_BADLY_EXPOSED_MIN_ALLIES","2","1","3","0","4","5","6","Минимум засвеченных союзников для squadBadlyExposed."
"src\Battlescape\PlayerFactionPlanner.cpp","int","PLAYER_AI_BADLY_EXPOSED_DIVISOR","3","1","2","4","5","6","8","Доля отряда, засветка которой считается badly exposed."
"src\Battlescape\PlayerFactionPlanner.cpp","int","PLAYER_AI_LAST_ENEMY_LIMIT","2","1","3","0","4","5","6","Число hostile, при котором включается hunt-last-enemy."
"src\Battlescape\PlayerFactionPlanner.cpp","int","PLAYER_AI_EARLY_PRESSURE_TURN_LIMIT","2","1","3","0","4","5","6","Последний ход early hidden pressure."
"src\Battlescape\PlayerFactionPlanner.cpp","int","PLAYER_AI_EARLY_PRESSURE_MIN_ALLIES","5","2","4","6","8","3","7","Минимум активных союзников для early hidden pressure."
"src\Battlescape\PlayerFactionPlanner.cpp","int","PLAYER_AI_SURVIVAL_ALLY_LIMIT","3","2","4","1","5","0","6","Размер отряда, при котором survive включается без доп. условий."
"src\Battlescape\PlayerFactionPlanner.cpp","int","PLAYER_AI_SURVIVAL_WOUNDED_DIVISOR","4","2","3","5","6","7","9","Доля раненых, после которой outnumbered считается survival pressure."
"src\Battlescape\PlayerFactionPlanner.cpp","int","PLAYER_AI_LATE_SURVIVAL_TURN","2","1","3","0","4","5","6","После этого хода включается late outnumbered pressure."
"src\Battlescape\PlayerFactionPlanner.cpp","int","PLAYER_AI_LATE_SURVIVAL_HOSTILE_MARGIN","5","2","4","6","8","3","7","Перевес hostile для late outnumbered pressure."
"src\Battlescape\PlayerFactionPlanner.cpp","int","PLAYER_AI_ASSIGNMENT_DISTANCE_PENALTY","3","2","4","1","5","0","6","Штраф score назначения за каждую клетку дистанции до цели."
"src\Battlescape\PlayerFactionPlanner.cpp","int","PLAYER_AI_SMALL_VISIBLE_CONTACT_LIMIT","2","1","3","0","4","5","6","Количество видимых контактов, которое planner считает малым."
"src\Battlescape\PlayerFactionPlanner.cpp","int","PLAYER_AI_SIEGE_ROOM_CONTACT_LIMIT","2","1","3","0","4","5","6","Минимум комнатных контактов для явного siege-room режима."
"src\Battlescape\PlayerFactionPlanner.cpp","int","PLAYER_AI_HOLD_REACTION_HOSTILE_LIMIT","6","3","4","5","7","8","9","Число hostile, после которого малый видимый контакт удерживается reaction-режимом."
"src\Battlescape\PlayerFactionPlanner.cpp","int","PLAYER_AI_VISIBLE_MIN_ASSIGNEES","3","2","4","1","5","0","6","Минимум бойцов, которых можно назначить на видимую цель."
"src\Battlescape\PlayerFactionPlanner.cpp","int","PLAYER_AI_VISIBLE_EXTRA_ASSIGNEE_DIVISOR","2","1","3","4","5","7","6","Доля видящих, но не стреляющих союзников, добавляемая к лимиту видимой цели."
"src\Battlescape\PlayerFactionPlanner.cpp","int","PLAYER_AI_HIDDEN_BLIND_ASSIGNEE_LIMIT","3","1","2","4","5","6","8","Лимит назначений на hidden contact без видящих/стреляющих союзников."
"src\Battlescape\PlayerFactionPlanner.cpp","int","PLAYER_AI_HIDDEN_SEEN_ASSIGNEE_LIMIT","5","3","4","6","7","8","10","Лимит назначений на hidden contact с косвенной видимостью/линией огня."
"src\Battlescape\PlayerFactionPlanner.cpp","int","PLAYER_AI_HIDDEN_SURVIVE_ASSIGNEE_LIMIT","2","1","3","4","5","7","6","Лимит hidden assignments в survival-режиме."
"src\Battlescape\PlayerFactionPlanner.cpp","int","PLAYER_AI_HIDDEN_DEFENSIVE_ASSIGNEE_LIMIT","4","2","3","5","6","7","9","Лимит hidden assignments в defend/hold режимах."
"src\Battlescape\PlayerFactionPlanner.cpp","int","PLAYER_AI_SIEGE_HIDDEN_ASSIGNEE_LIMIT","5","3","4","6","7","8","10","Лимит hidden assignments при siege-room стратегии."
"src\Battlescape\PlayerFactionPlanner.cpp","int","PLAYER_AI_DANGEROUS_VISIBLE_ASSIGNEE_LIMIT","5","2","4","6","8","3","7","Минимальный лимит назначений на опасную видимую цель."
"src\Battlescape\PlayerFactionPlanner.cpp","int","PLAYER_AI_WOUNDED_ASSIGNEE_LIMIT","6","3","4","5","7","8","9","Минимальный лимит назначений на раненую цель для добивания."
